,period,resources,use_oracle,fair_dumb,thief,inference_only
0,100,1,True,0.5663109158318425,0.6465016435952886,0.6277992434790676
1,100,2,True,0.6319050111986968,0.671392682750423,0.6277992434790676
2,200,1,True,0.5742838304362692,0.6563901457309005,0.6277992434790681
3,200,2,True,0.6372200684362462,0.67818480661221,0.6277992434790681
