,period,resources,use_oracle,fair_dumb,thief,inference_only
0,100,1,True,0.5671225984639693,0.647445650533147,0.6196794068504594
1,200,1,True,0.5795810189253884,0.6548355235240425,0.6196794068504594
