,period,resources,use_oracle,fair_dumb,fair_sco,thief,inference_only
0,100,1,True,0.3022950513427412,0.3683993057441711,0.478587351027846,0.4865549688129356
