,period,resources,use_oracle,fair_dumb,thief,inference_only
0,100,1,True,0.5760079292394678,0.651400707891809,0.6277992434790676
1,100,2,True,0.6356163775316545,0.6722350934562225,0.6277992434790676
2,200,1,True,0.591085675975424,0.6580766308417956,0.6277992434790681
3,200,2,True,0.6490612789343917,0.6786303462871568,0.6277992434790681
