,period,resources,use_oracle,fair_dumb,thief,inference_only
0,100,1,False,0.5707685054219713,0.6338755304101837,0.5047619047619045
1,100,1,False,0.545638849599246,0.6250324349449011,0.5047619047619045
2,100,1,False,0.4088258276828646,0.5815126022340503,0.5047619047619045
3,100,1,False,0.3230501630170917,0.4983866990200186,0.4492390946606699
4,100,1,False,0.3028584350269438,0.4308292803156693,0.3937160624619763
5,100,1,False,0.22210331412419387,0.3700315876312933,0.35838271902995245
