,period,resources,use_oracle,fair_dumb,thief_0.1,thief_0.2,thief_0.3,thief_0.5,thief_1,inference_only
0,100,1,False,0.5041609841891057,0.6450376107203333,0.6352462083801076,0.6368156862360473,0.6285430259055376,0.6285430259055376,0.6462306052615816
1,100,2,False,0.686638201393916,0.7289331484672201,0.7261822270087464,0.7207169900805747,0.7200031875486547,0.7207875414978819,0.6838409153280678
2,100,4,False,0.7211041952811901,0.7413359976782831,0.7340312252625747,0.7325945903294135,0.7318412356071754,0.7319880699720122,0.6838409153280678
3,100,8,False,0.7324056191003632,0.7492228630690212,0.7482689964613035,0.7477251132106678,0.7488990390941899,0.7452277171975183,0.6838409153280678
